titel;jahr;url
Mädchen, Mädchen;2001;/wiki/M%C3%A4dchen,_M%C3%A4dchen_(2001)
Epsteins Nacht;2002;/wiki/Epsteins_Nacht
Wholetrain;2006;/wiki/Wholetrain_(Film)
Die Welle;2008;/wiki/Die_Welle_(2008)
Männerherzen;2009;/wiki/M%C3%A4nnerherzen
Zweiohrküken;2009;/wiki/Zweiohrk%C3%BCken
Teufelskicker;2010;/wiki/Teufelskicker
Zeiten ändern dich;2010;/wiki/Zeiten_%C3%A4ndern_dich
What a Man;2011;/wiki/What_a_Man_(Film)
Wickie auf großer Fahrt;2011;/wiki/Wickie_auf_gro%C3%9Fer_Fahrt
Offroad;2012;/wiki/Offroad_(Film)
Türkisch für Anfänger;2012;/wiki/T%C3%BCrkisch_f%C3%BCr_Anf%C3%A4nger_(Film)
Fünf Freunde;2012;/wiki/F%C3%BCnf_Freunde_(2012)
Heiter bis wolkig;2012;/wiki/Heiter_bis_wolkig_(Film)
Chroniken der Unterwelt – City of Bones (The Mortal Instruments;2013;/wiki/Chroniken_der_Unterwelt_%E2%80%93_City_of_Bones
Fack ju Göhte;2013;/wiki/Fack_ju_G%C3%B6hte
Der Medicus;2013;/wiki/Der_Medicus_(Film)
Who Am I – Kein System ist sicher;2014;/wiki/Who_Am_I_%E2%80%93_Kein_System_ist_sicher
Männerhort;2014;/wiki/M%C3%A4nnerhort_(Film)
Traumfrauen;2015;/wiki/Traumfrauen
Fack ju Göhte 2;2015;/wiki/Fack_ju_G%C3%B6hte_2
Willkommen bei den Hartmanns;2016;/wiki/Willkommen_bei_den_Hartmanns
Das Pubertier – Der Film (Cameo);2017;/wiki/Das_Pubertier_%E2%80%93_Der_Film
Bullyparade – Der Film (Cameo);2017;/wiki/Bullyparade_%E2%80%93_Der_Film
Fack ju Göhte 3;2017;/wiki/Fack_ju_G%C3%B6hte_3
Dieses bescheuerte Herz;2017;/wiki/Dieses_bescheuerte_Herz
Der Fall Collini;2019;/wiki/Der_Fall_Collini_(Film)
Das perfekte Geheimnis;2019;/wiki/Das_perfekte_Geheimnis
Nightlife;2020;/wiki/Nightlife_(2020)
Was wir wollten;2020;/wiki/Was_wir_wollten
Liebesdings;2022;/wiki/Liebesdings
Tausend Zeilen;2022;/wiki/Tausend_Zeilen
